{"main":"scm-mvp-deliverymoment-exp-api.raml","name":"SCM MVP DeliveryMoment Exp API","classifier":"raml","tags":[],"dependencies":[{"groupId":"org.mule.templates","assetId":"resource","version":"1.0.0"}],"groupId":"1e008e01-c58c-44d2-abfe-de32de80b58e","assetId":"scm-mvp-deliverymoment-exp-api","version":"1.0.0","apiVersion":"v1","originalFormatVersion":"1.0","metadata":{"projectId":"e5576063-ee43-45b3-b86a-8591cb8209c3","branchId":"master","commitId":"181dc2e96ca3ac4dfd2c6419adaddda3ccd980a6"}}